{
  "sizes": [
    100,
    500,
    1000,
    2000,
    3000,
    5000
  ],
  "faiss_times": [
    0.042073100157722365,
    0.09504091976850759,
    0.03393365037481999,
    0.040035529927990865,
    0.04704306014900794,
    0.05171565986529458
  ],
  "numpy_times": [
    0.22005019989592256,
    0.41156198993121507,
    0.802247349784011,
    1.614990170019155,
    2.85128570991219,
    4.800575800181832
  ],
  "faiss_memory": [
    0.1953125,
    0.9765625,
    1.953125,
    3.90625,
    5.859375,
    9.765625
  ],
  "numpy_memory": [
    0.1953125,
    0.9765625,
    1.953125,
    3.90625,
    5.859375,
    9.765625
  ],
  "timestamp": "2024-12-18T19:12:00.024417"
}